sentences
งานวิจัยนี้มีวัตถุประสงค์เพื่อเปรียบเทียบปริมาณของดอกเห็ดนางฟ้าที่มีการควบคุมสภาวะแวดล้อมภายในโรงเรือนเปิดดอกที่แตกต่างกัน
โดยแบ่งค่าปรับตั้งของการควบคุมออกเป็น 4 ค่าปรับตั้ง
ในแต่ละค่าปรับตั้งมีการควบคุมพัดลมระบายอากาศ และหัวฉีดน้ำให้มีเงื่อนไขของเวลา อุณหภูมิ และความชื้นที่แตกต่างกัน
"ผลการศึกษาแสดงให้เห็นว่าผลผลิตเฉลี่ยของการใช้ค่าปรับตั้งที่ 1, 2, 3 และ 4 มีค่าเฉลี่ยผลผลิตเท่ากับ 42.97 ± 11.16, 51.24 ± 10.09, 56.44 ± 9.85, และ 55.26 ± 14.96 กรัมต่อก้อน"
"และมีเปอร์เซ็นต์การเกิดเท่ากับ 83%, 87%, 91% และ 89% ตามลำดับ"
"ผลการศึกษายังแสดงให้เห็นว่าเงื่อนไขที่ต่างกันยังส่งผลให้อัตราการเกิดของเห็ดมีค่าแตกต่างต่างกันซึ่งมีค่าเท่ากับ 42.38, 51.56, 55.49 และ 51.52 กรัมต่อก้อนต่อวัน ตามลำดับ"
ดังนั้นการศึกษาจึงแสดงให้เห็นว่าการใช้อุณหภูมิและความชื้นมาเป็นเงื่อนไขร่วมในการควบคุมอุปกรณ์ภายในโรงเรือนช่วยให้ผลผลิตมีค่าเพิ่มขึ้น
ซึ่งเงื่อนไขที่ส่งผลให้ได้ผลผลิตสูงที่สุดได้แก่เงื่อนไขที่ 3
