sentences
งานวิจัยนี้เป็นการพัฒนาเครื่องผสมอาหารสัตว์แนวนอนใบกวน 2 ชั้น
โดยใช้มอเตอร์ไฟฟ้าเป็นต้นกำลัง ขนาด 2 แรงม้า
ถังผสมขนาด 350 ลิตร ชุดเกลียวผสม เกลียววงนอกจะเป็นเกลียวทางขวาและซ้าย
ขนาดเส้นผ่าศูนย์กลาง 680 mm. มีระยะพิตช์ 195 mm.
ส่วนเกลียวผสมวงในจะเป็นเกลียวทางขวาและซ้าย
ขนาดเส้นผ่าศูนย์กลาง 480 mm. มีระยะพิตช์ 195 mm.
"ทำการทดสอบความสามารถในการผสมของแกลบปริมาตร 0.2 m3 กับเม็ดลูกปัดขนาดเส้นผ่าศูนย์กลางประมาณ  5 mm จำนวน 5,000 เม็ด"
เทผสมลงในแกลบที่มีค่าความชื้น 22.11%
"เก็บตัวอย่างวัสดุ ที่เวลา 30, 60, 90, 120, 150, 180, 210, 240, 270, 300, 330 และ 360 วินาที"
"โดยเปลี่ยนความเร็วรอบของใบกวน 3 ระดับ คือ 6, 12 และ 18 rpm พบว่าค่าสัมประสิทธิ์การกระจายที่ดีคือความเร็วรอบ 18 rpm."
ค่าสัมประสิทธิ์การกระจายคือ 28.6% ที่เวลา 210 วินาที  สมรรถนะการทำงานที่ดีที่สุด คือ 0.343 m3/hr (343 ลิตร/ชั่วโมง) ระยะเวลาคืนทุนสำหรับการซื้อเครื่องผสมอาหารสัตว์มาใช้ทดแทนแรงงานแบบเดิมเท่ากับ 0.99 เดือน
