sentences
"งานวิจัยนี้ได้ทำการศึกษาการถ่ายเทความร้อนในท่อสี่เหลี่ยมผืนผ้าที่มีการติดตั้งแผ่นกั้นรูปตัววีที่เตรียมจากแผ่นบิดที่มีอัตราส่วนระยะบิดต่อระยะความกว้าง (y/w)  = 2, 3, 4 และ 5"
"โดยทำการทดลองที่อัตราส่วนระยะห่างต่อความสูงของแผ่นกั้น  (p/w)  = 4, 6, 8, 10 และ 12"
"และ ในช่วงตัวเลขเรย์โนลด์ 4,000 – 20,000"
โดยใช้อากาศเป็นของไหลในการแลกเปลี่ยนความร้อน
เมื่ออากาศไหลผ่านแผ่นกั้นทำให้เกิดการไหลปั่นป่วนภายในท่อเพิ่มขึ้น
มีผลให้การถ่ายเทความร้อนเพิ่มสูงขึ้นและยังมีผลให้ค่าตัวประกอบความเสียดทานเพิ่มขึ้นเช่นกัน
จากผลการทดลองกรณีติดแผ่นกั้นรูปตัววีที่ p/w = 4 และ y/w = 3 สามารถเพิ่มสมรรถนะการถ่ายเทความร้อนได้สูงที่สุดถึง 2.02
"ทั้งนี้ที่ p/w = 6, 8, 10 และ 12 ให้มีค่าสมรรถนะการถ่ายเทความร้อนถึง 1.99, 1.93, 1.85 และ 1.82 ตามลำดับ"
