sentences
งานวิจัยนี้ได้ศึกษาผลของการเติมอากาศที่มีผลต่อการเพิ่มความสามารถในการถ่ายเทความร้อนของเจ็ทน้ำพุ่งชนพื้นผิวเรียบที่จมในน้ำ
"โดยกำหนดให้เลขเรย์โนลดส์ของน้ำมีค่าเท่ากับ 2.4 x 104 สัดส่วนระหว่างอัตราการไหลเชิงปริมาตรของอากาศกับอัตราการไหลเชิงปริมาตรรวมที่ 0.0 และ 0.1 และระยะจากปากทางออกท่อเจ็ทถึงพื้นผิวที่เจ็ทพุ่งชนที่ L = 2D, 4D, 6D, 8D และ 10D ตามลำดับ"
ในการศึกษาพฤติกรรมของฟองอากาศในเจ็ทน้ำใช้วิธีการถ่ายภาพด้วยกล้องความเร็วสูง
และศึกษาการถ่ายเทความร้อนบนพื้นผิวที่เจ็ทพุ่งชนโดยใช้กล้องถ่ายภาพความร้อน
"จากผลการศึกษาพบว่าการเพิ่มอากาศที่สัดส่วนระหว่างอัตราการไหลเชิงปริมาตรของอากาศกับอัตราการไหลเชิงปริมาตรรวมเท่ากับ 0.1 สำหรับระยะพุ่งชนที่ L = 2D, 4D, 6D, 8D และ 10D"
"และมีค่าเลขนัสเซลต์เฉลี่ยตามแนวรัศมีเพิ่มขึ้น 27.27%, 1.98%, 24.37%, 3.84% และ 8.10% ตามลำดับ"
เมื่อเทียบกับกรณีของเจ็ทน้ำที่ไม่ผสมฟองอากาศ
ซึ่งเกิดจากพฤติกรรมของฟองอากาศขนาดเล็กที่เกิดการรวมตัวกันเป็นฟองขนาดใหญ่แล้วไหลปะทะพื้นผิว และฟองอากาศขนาดเล็กที่ไหลปะทะบนพื้นผิวและรบกวนชั้นขอบเขตความร้อน
