sentences
งานวิจัยนี้มีวัตถุประสงค์เพื่อศึกษาถึงประสิทธิภาพการกำจัดน้ำเสียของสาหร่าย Spirulina sp. RMUTL
"โดยใช้น้ำทิ้งจากโรงพิมพ์ความเข้มข้นร้อยละ 20, 40, 60, 80 และ 100"
"ผลการศึกษา พบว่า ในระดับความเข้มข้นของน้ำเสียที่เหมาะสมต่อการเจริญเติบโตของสาหร่าย  Spirulina sp. RMUTL คือ ระดับความเข้มข้นของน้ำเสียร้อยละ 20   มีประสิทธิภาพการกำจัดน้ำเสียในรูปของ TSS,  BOD, COD, TN และTP สูงสุด  เท่ากับ  ร้อยละ 10.26±2.22,  34.78±0.57,  44.53±1.13,  55.79±1.90 และ 17.59±0.58 ตามลำดับ"
โดยสาหร่าย Spirulina sp. RMUTL มีการเจริญเติบโตสูงสุดมีค่าความหนาแน่นของเซลล์สาหร่าย เท่ากับ 0.54±0.02     และอัตราการเจริญเติบโตจำเพาะ 0.31±0.02 ต่อวัน  มีการผลิตไขมันเฉลี่ยอยู่ที่  6.56±0.09  ร้อยละต่อน้ำหนักแห้ง
